prefix,rate
561,0.99
766,9.23
395,5.79
1068,7.34
2689,7.13
2081,9.36
2121,3.53
2971,0.22
2185,8.74
773,7.27
2202,1.29
1492,8.63
2695,5.79
2977,2.84
2609,6.53
706,9.34
1020,1.61
1113,1.18
1883,9.25
535,0.92
1838,9.42
1089,3.4
2763,0.78
2532,0.45
795,1.31
1954,0.68
2191,3.63
2879,6.66
2742,3.25
2197,1.24
1980,6.3
1330,2.27
348,9.34
238,6.5
928,8.75
1567,8.03
2079,1.9
832,2.76
1741,6.07
2456,8.98
2881,0.64
592,2.36
2297,4.34
1713,6.5
930,2.2
2584,4.77
1182,4.83
1697,0.21
517,0.92
1844,5.99
1535,6.8
1442,9.15
540,8.14
353,7.42
2446,0.93
324,4.34
864,3.55
1114,8.17
551,8.91
2923,4.58
2213,8.88
465,1.2
1376,7.46
1625,7.83
962,7.85
247,3.33
302,4.53
445,1.4
2820,1.35
1201,6.86
1327,2.49
1843,2.1
261,3.98
1311,1.57
1145,9.95
103,0.39
2795,2.56
376,7.57
241,0.89
710,5.38
190,9.25
2674,1.64
2020,8.55
2324,5.19
2062,0.35
1454,0.89
2141,4.45
702,1.85
1970,3.44
1258,4.2
253,5.76
343,1.8
1577,8.12
533,4.43
2241,1.6
2171,8.02
2153,1.42
527,1.98
189,3.25
778,2.51
1558,1.3
2102,6.29
266,2.62
657,7.22
2753,4.56
1436,0.5
1586,5.82
1195,4.62
630,8.28
909,4.59
1797,0.17
189,5.34
741,4.55
2319,7.0
1134,5.64
2907,5.79
863,2.21
1944,3.98
1830,7.92
1915,8.29
136,0.52
2887,5.43
1282,2.89
2033,4.8
737,6.15
1074,9.19
2280,4.06
1994,9.37
1514,9.84
2358,6.41
119,8.77
2990,6.36
1502,1.16
1736,1.51
484,1.48
2172,8.3
1812,7.59
2593,5.02
1224,0.62
2116,1.56
2093,7.97
1614,0.55
1626,0.83
2184,1.28
2450,7.23
1328,8.37
655,4.73
123,1.4
2392,3.86
2222,3.99
440,4.57
1972,3.41
350,5.53
2757,5.39
557,4.84
2177,4.05
1507,0.93
640,8.14
1942,9.48
1077,4.55
2061,0.34
1071,3.27
2372,3.84
685,8.68
2263,1.82
2826,8.23
2975,1.13
1856,0.31
2270,5.6
198,0.16
1170,9.48
1083,9.66
149,0.39
2468,2.52
832,5.79
1845,6.91
2264,7.52
1079,9.49
2600,2.02
511,1.19
2692,7.48
931,7.28
2111,3.39
1081,8.35
1021,4.42
2657,1.81
2568,7.67
329,8.36
1171,4.07
2561,2.77
1119,8.36
390,0.37
2524,5.19
2688,7.85
1957,3.76
2427,8.99
1087,8.82
2754,3.12
1597,4.09
2808,0.49
2009,9.35
1166,2.7
661,8.52
2753,8.17
1637,1.97
2774,6.64
1104,5.44
1298,0.41
2601,8.6
1200,7.01
945,8.57
2176,6.97
1657,6.2
216,0.14
147,3.02
1258,5.67
2096,8.17
2580,5.42
399,7.82
152,2.89
692,3.23
212,4.39
1913,6.76
1240,5.61
2916,4.86
1815,4.56
732,0.71
694,8.32
1500,4.5
1897,9.04
190,8.01
1625,8.43
2184,8.36
2099,2.93
1713,2.53
2110,2.1
2804,4.01
2534,3.89
2940,9.24
1106,5.06
2704,7.95
1967,1.61
2773,7.78
2440,8.19
2284,5.77
826,5.12
2095,5.56
2810,0.39
1038,7.13
432,8.96
1155,1.14
2470,9.03
434,0.51
2030,5.42
2134,1.77
2259,0.95
2207,0.29
2373,0.79
2970,4.73
892,0.51
1042,5.09
458,0.46
498,0.69
2512,4.09
1999,7.8
2551,4.65
478,7.49
347,1.04
1434,8.38
1427,0.26
2240,3.33
779,0.4
1952,7.16
2800,7.62
2373,5.32
1914,5.82
1870,1.36
2672,8.74
1927,0.54
1222,1.11
1244,5.74
2578,0.54
2079,6.05
293,5.36
2801,7.77
1090,1.64
1206,3.31
2225,0.43
2860,7.24
2057,8.36
2279,2.74
521,0.53
1225,2.99
1173,8.26
1207,4.4
2379,6.99
2785,8.3
1911,9.48
2433,5.11
2246,0.8
2084,9.4
2541,1.35
2709,8.35
592,2.15
2378,2.59
691,4.48
1658,9.74
2110,1.22
237,6.16
2956,4.25
1387,6.32
465,2.79
2065,4.06
1576,2.78
2674,3.18
2542,1.97
1760,6.64
2023,1.41
1079,2.95
1847,4.28
2492,2.2
986,5.88
137,7.39
955,8.9
1066,4.79
2110,1.56
1403,0.52
1805,8.52
2652,8.43
1469,9.4
947,3.06
1512,5.58
975,8.87
1751,9.06
882,7.98
261,5.33
1870,3.22
105,3.91
1691,7.98
2682,3.35
1782,3.13
1947,0.26
2742,6.48
2968,4.71
1051,1.49
955,9.77
1866,4.84
1866,3.23
747,9.07
1667,6.76
1222,7.37
1908,3.33
1087,2.1
2511,6.22
1844,1.74
935,9.57
854,4.3
1442,9.0
2511,7.39
1200,8.5
1777,2.07
2499,8.22
2109,2.37
729,4.76
2837,3.3
1160,1.55
957,5.27
2923,7.64
2921,0.93
2124,4.24
1556,1.99
1576,7.52
2740,9.11
843,8.61
2906,0.35
1878,5.56
2884,9.6
477,8.43
2459,1.24
444,0.68
1812,4.43
959,3.2
1954,6.31
1248,9.08
1207,1.01
1983,7.1
1949,6.89
1160,2.06
1360,3.71
1551,4.67
837,2.25
813,9.32
2580,3.32
2164,8.36
2294,4.78
2578,6.87
2308,9.11
323,9.99
2156,1.94
1077,0.91
2775,7.49
285,9.99
1887,7.93
1019,3.09
2989,4.38
2566,2.9
440,6.71
2274,7.0
2068,0.67
1226,1.31
1148,9.45
2992,9.88
319,3.01
1928,2.75
1684,4.7
2568,6.46
481,1.09
1163,1.25
1919,4.26
776,6.59
2857,1.95
1559,0.21
396,9.14
2786,4.25
2783,2.6
688,9.92
2254,5.18
1588,0.24
2681,2.41
2333,5.6
2078,4.36
1529,3.16
2193,1.77
2260,1.31
739,7.95
1054,0.83
1804,6.49
2260,8.92
1337,3.12
1843,7.26
2219,6.18
1827,2.57
2965,5.72
1806,7.35
734,0.57
2908,9.31
2626,3.7
1365,9.77
2166,7.33
1397,3.58
1235,6.82
1554,6.55
2164,4.25
2055,3.24
929,0.91
1550,8.45
2485,1.35
1793,9.34
2001,0.57
207,1.73
681,0.69
2327,2.55
1608,0.54
1524,1.47
1495,7.97
300,7.98
119,8.83
940,6.49
2263,4.67
847,8.39
2594,4.59
1660,6.56
2453,8.65
2800,7.71
2014,9.61
2392,0.84
1003,7.25
2542,8.05
1063,5.99
129,7.54
2059,7.35
717,9.4
1232,0.84
2929,4.61
2286,7.58
2057,7.43
2082,2.3
2147,5.97
775,2.31
430,8.06
1946,6.91
2104,7.65
2215,3.44
156,7.94
1301,1.74
263,0.53
142,0.5
2939,6.26
2585,7.62
1062,5.81
2773,8.83
1993,3.07
1665,2.26
2658,6.49
1768,3.89
607,2.42
2142,1.41
2161,8.67
216,9.17
1434,3.06
1393,8.05
1178,2.27
1673,5.15
160,5.13
1234,0.35
740,3.36
2684,3.24
639,7.39
2557,6.71
657,9.53
1638,7.84
511,0.45
410,2.35
1803,2.86
1856,2.2
197,7.28
2346,8.63
1375,1.12
141,3.56
832,2.41
970,1.83
2674,6.56
1546,1.04
1755,5.9
252,9.96
1306,6.66
2177,2.68
2680,1.58
2257,2.54
1567,5.09
2103,4.46
2316,3.44
2132,3.65
2958,5.27
2237,1.79
682,4.36
2072,8.16
2514,0.82
2186,1.72
2635,9.33
2224,5.08
1126,1.8
731,9.86
1358,2.51
683,5.56
420,3.53
1890,6.48
1378,0.22
254,2.0
1124,7.33
2494,4.21
2984,3.77
1972,3.16
2857,8.61
2711,2.96
1371,8.04
532,4.8
2089,9.97
930,8.27
1560,3.65
1430,3.93
2268,1.57
2560,3.1
312,1.11
1664,5.37
2274,1.0
792,0.51
2543,0.96
2838,8.54
500,4.48
2591,7.28
258,1.79
310,1.78
1743,1.08
622,2.41
2158,4.1
2255,3.06
310,7.79
1025,7.32
1739,9.47
2882,5.02
2928,9.64
877,7.64
1387,9.33
2413,3.11
2203,0.13
861,3.66
2119,3.66
1619,0.19
417,8.97
1599,7.31
2677,3.05
2218,6.32
806,9.69
2241,8.01
1181,9.37
587,1.54
1410,4.3
1916,7.71
2104,2.06
750,1.11
2801,2.97
2931,2.87
1558,5.36
1752,9.15
1555,4.55
583,3.29
2540,4.67
2533,3.66
1526,6.5
1865,9.61
2429,7.87
2351,3.38
2977,3.61
2862,0.5
850,4.7
2981,2.72
1716,1.62
2338,7.02
1570,7.06
2655,8.15
2867,7.8
1989,2.78
2079,5.97
2551,4.75
213,0.56
2730,1.98
1733,3.6
821,7.02
309,4.28
995,3.48
1589,4.95
426,2.51
562,2.27
1912,5.65
1766,2.27
448,3.92
357,3.96
167,3.66
198,2.38
1350,5.92
2496,1.46
1836,8.19
2140,7.59
1450,8.87
1960,8.81
2000,1.9
1948,7.19
2267,9.31
707,1.22
2688,8.7
2754,0.49
197,4.68
2821,9.94
1526,3.77
592,2.49
1377,4.34
2060,6.19
1590,0.76
2244,1.83
2552,6.65
1499,1.75
334,3.56
2844,1.3
729,6.62
519,2.84
2894,6.07
2323,4.14
2008,3.46
2325,5.81
1284,7.23
1380,8.73
2929,2.26
2726,2.71
1520,7.02
1477,0.56
1056,2.99
1712,2.54
949,1.05
253,9.92
2149,9.45
1969,2.73
777,7.97
514,2.29
2326,7.34
1903,8.93
2164,1.1
2587,0.92
2313,7.06
1981,0.84
1287,1.66
2984,7.45
243,3.12
833,3.01
672,0.34
151,4.24
2645,6.06
1311,1.45
2004,4.84
2313,1.1
2420,7.31
2315,9.49
1130,4.52
891,5.67
2481,7.6
806,8.11
168,8.57
2567,6.59
2601,3.84
512,8.81
2140,8.9
1968,0.49
2283,9.5
2410,5.29
2288,9.25
2933,6.36
817,5.52
2043,4.51
1367,2.5
277,0.84
1586,6.97
1015,2.71
1393,9.84
2293,7.15
263,1.27
2297,6.32
1922,6.42
157,3.48
2599,2.77
2181,7.75
429,1.67
2325,7.36
1438,0.64
2823,0.71
360,2.16
437,1.74
1987,0.13
494,6.15
2188,9.19
420,6.44
740,6.14
1686,3.36
752,9.23
229,4.64
864,4.93
1057,1.12
1137,3.81
2275,4.99
2735,9.84
527,3.92
1685,3.44
1322,3.95
2552,5.64
131,8.01
643,5.62
163,8.15
1135,2.66
1107,7.63
2128,1.63
1054,5.62
1444,5.54
113,4.77
2815,5.59
2284,4.24
1649,0.51
2533,5.79
1128,4.09
670,6.39
1134,7.24
1501,7.37
1863,6.91
1640,6.39
485,1.76
1347,8.36
941,2.07
2071,7.38
1481,7.66
612,1.42
1015,7.34
794,2.25
725,5.2
963,8.1
2773,5.99
528,4.3
1025,2.11
2341,8.09
1748,1.41
2464,9.99
2398,3.17
835,4.76
2734,1.35
1456,5.37
2366,4.91
2984,0.43
2381,3.63
1146,7.98
2090,9.53
1429,7.02
2290,1.53
736,0.3
178,7.95
676,3.95
328,4.69
2214,1.24
2065,4.22
1541,5.84
1406,3.44
834,5.88
622,5.21
602,5.69
2328,4.92
178,9.89
1273,8.22
2486,1.69
1487,1.75
1650,6.46
2828,7.73
699,0.8
1494,8.77
916,8.46
1087,9.15
1003,5.26
2482,0.79
789,9.92
963,8.41
845,2.07
2027,5.81
920,6.93
1942,3.3
333,1.57
2462,9.37
383,2.95
2580,1.97
402,3.14
642,5.42
921,7.75
2861,1.52
122,4.92
2731,4.58
1956,2.59
2576,6.54
1932,7.19
2978,2.28
995,2.31
2026,5.81
789,5.5
578,2.55
2498,8.15
202,2.89
1481,0.73
329,0.18
1622,2.62
1754,6.32
1174,7.96
2084,8.26
2936,4.19
2610,9.38
265,6.09
2179,1.43
2669,8.99
113,3.85
791,1.98
1009,2.42
201,4.3
626,8.42
553,7.07
179,9.8
1480,4.53
2790,4.71
1277,0.62
1195,7.24
1886,9.15
2212,9.74
1407,3.16
1930,7.92
2600,7.34
1096,9.99
1550,1.6
2288,6.51
2093,6.37
2230,2.7
2984,9.92
695,0.28
2834,9.95
760,5.41
2815,9.82
2040,4.68
875,1.25
1542,2.34
344,3.2
2209,6.99
1954,0.59
180,9.48
320,9.91
215,3.71
434,5.62
1660,8.22
687,9.46
907,5.79
2451,8.72
109,5.65
2900,0.97
176,0.84
2336,5.59
1435,9.33
1074,1.65
1514,6.64
2785,6.52
189,1.85
701,3.91
520,8.16
153,6.73
273,4.93
2077,9.02
2025,1.0
913,0.11
2717,5.4
2858,7.21
1377,2.24
2249,0.71
386,9.97
2013,4.56
157,8.02
2813,8.03
1672,8.42
1299,2.84
1406,0.44
2662,4.64
2152,7.44
126,4.46
762,9.33
1393,9.45
271,5.99
1552,4.86
296,9.34
1125,8.15
2064,1.89
1999,0.75
1761,7.11
465,1.35
2040,0.91
764,3.11
598,5.39
2805,9.64
891,8.68
2549,7.8
156,2.06
1545,7.22
1215,0.45
2319,3.45
1332,3.69
237,9.06
2852,9.0
279,1.16
115,5.62
1393,9.23
1280,8.67
1377,9.64
1451,4.91
2733,2.55
1757,1.95
2581,3.59
1283,7.55
634,4.24
129,8.2
1044,6.01
449,1.25
2031,8.24
411,8.19
1394,4.31
2036,8.5
2288,2.22
2780,7.26
1156,4.07
997,2.06
1765,0.4
2732,5.41
1424,7.51
434,5.01
286,7.52
1918,8.24
1487,0.29
2115,0.44
1647,2.71
1412,0.9
1720,8.19
379,6.62
1553,8.28
1530,1.2
216,0.73
1514,3.25
2935,7.48
2522,2.07
1826,9.13
2258,1.93
1913,6.75
1608,3.74
1203,1.32
1095,7.27
2376,7.25
1425,3.2
1797,9.7
1962,8.29
2040,0.45
1824,6.87
2318,2.9
296,6.57
2774,4.56
351,7.71
2457,7.98
1839,6.12
2812,2.64
2026,2.8
2234,9.22
956,2.81
2421,6.22
1765,1.22
2955,5.09
244,5.38
1755,5.75
545,7.12
790,1.44
2433,7.33
1254,2.61
1457,6.07
114,6.16
2832,5.35
294,7.76
243,0.99
204,0.7
492,2.48
2827,8.74
1528,1.91
1388,9.38
995,9.85
2195,7.83
2604,7.21
1403,7.94
1857,7.8
2558,7.07
1422,3.25
2425,2.23
1536,8.53
1109,9.34
745,2.67
1222,1.83
933,5.56
1979,6.92
1058,7.53
2222,0.39
407,1.97
803,6.83
2418,4.97
1371,6.31
1463,7.06
1210,0.68
2663,9.42
1756,3.86
1171,5.28
2359,5.71
1182,6.61
2800,7.52
1708,8.6
2884,2.4
1999,1.32
1010,2.63
2844,4.87
1185,2.26
1932,5.24
2291,1.36
2229,8.14
2391,4.69
2650,3.5
2392,7.94
619,2.16
1676,3.91
2937,9.85
2179,1.71
400,1.44
1481,6.75
192,9.34
453,7.89
551,0.12
457,0.47
302,6.53
1216,9.07
2413,3.3
2064,3.98
2622,4.89
351,6.82
1704,1.14
2086,7.02
1585,9.73
2991,3.95
1614,8.3
1118,0.98
633,3.13
1422,8.96
212,9.73
1479,7.4
1067,2.11
2995,3.83
2612,5.32
1768,5.97
2228,1.86
906,3.17
941,5.75
1237,6.05
1427,1.98
1412,1.19
2874,3.76
840,8.55
232,1.01
180,7.18
297,4.41
1398,5.85
443,4.85
2250,8.45
1310,9.06
2587,1.96
955,1.79
2923,3.49
732,6.13
1862,4.33
1459,1.92
2123,6.29
2606,5.81
1113,0.36
2689,4.19
2764,5.99
1553,5.21
1351,5.5
784,9.24
2802,0.64
317,1.07
1047,1.74
470,8.01
2142,7.33
1985,9.01
725,1.68
923,0.7
1879,1.39
1388,7.04
1814,3.74
885,0.82
1749,7.39
2793,1.07
637,8.32
2090,2.09
1613,1.81
1411,5.93
934,5.32
101,1.07
1935,7.14
2909,0.62
145,4.2
1330,7.72
2212,6.23
2055,0.15
448,9.88
2137,7.74
592,5.3
1781,0.75
2165,3.0
764,9.46
510,9.58
2080,4.49
182,7.97
1720,3.75
2487,7.86
2344,0.68
1341,7.27
1237,2.99
2180,3.13
1894,4.73
393,9.36
1926,7.6
1351,4.42
220,2.22
523,4.01
1351,2.73
1606,5.36
648,1.12
2417,4.43
446,1.64
1054,2.05
1325,1.17
2446,8.75
305,1.33
2459,6.32
1909,7.71
508,9.65
1877,2.2
1196,0.73
722,8.56
1903,5.28
1723,1.9
2469,0.2
1670,5.9
2455,0.44
1713,2.11
1693,8.8
1738,8.46
155,0.99
451,6.54
1472,3.74
241,9.69
2998,1.1
367,0.7
2101,5.29
2256,6.34
129,5.24
341,6.44
2559,9.97
2564,8.72
2772,4.95
321,8.35
143,1.66
1380,2.87
2933,6.48
2158,9.0
1919,1.11
2482,8.04
2934,6.25
1535,0.76
744,5.49
414,6.22
2108,5.9
761,1.9
1651,7.72
2484,0.22
2472,0.14
2702,9.54
1660,3.58
1125,9.76
366,2.74
2247,9.51
976,9.58
676,2.12
2873,7.74
2763,0.48
2028,6.93
2112,9.47
2122,0.3
2504,2.08
2999,5.95
1366,8.99
2410,1.17
856,3.91
1349,5.32
1243,1.07
1251,8.26
1827,6.97
2797,7.34
945,8.05
1297,9.84
2109,2.27
2471,2.55
837,2.0
399,6.11
1519,9.98
2379,9.81
1311,3.17
777,2.94
2015,4.39
1983,2.96
2638,6.98
1173,7.12
2475,3.07
2569,0.21
2010,6.46
2200,2.38
761,7.31
2546,3.52
2855,7.33
422,8.36
2844,1.55
986,6.83
1394,3.72
505,0.13
2053,1.04
2032,1.57
2849,6.96
272,1.29
2921,5.78
1090,5.71
1907,9.63
1742,4.89
2739,9.11
2469,4.35
625,8.84
1036,9.46
2857,5.66
1599,7.24
665,9.81
182,8.19
1264,0.78
2644,7.75
2519,1.99
760,7.45
312,7.18
1075,7.77
1023,3.73
1753,4.9
2739,1.69
1746,2.25
1254,4.71
100,1.47
723,7.1
559,1.94
2712,0.76
2894,6.58
271,8.83
1038,3.0
2421,7.81
910,9.15
2628,2.24
1169,2.83
297,9.32
2963,6.34
1365,1.0
1103,1.35
2971,8.72
286,7.81
2316,0.76
2221,2.35
394,7.09
1386,5.77
156,2.15
1493,0.61
1189,9.9
2880,1.85
1124,5.11
1172,0.48
2828,8.69
2462,2.04
296,1.33
810,8.2
1255,5.19
857,5.59
2213,2.58
2273,4.03
2738,5.43
2102,5.22
581,7.28
1274,9.48
2269,1.6
451,9.52
965,7.28
611,4.56
2390,4.38
1670,7.96
111,4.46
1946,0.57
1888,2.46
2709,2.76
536,6.76
2701,8.38
2932,7.18
2627,5.94
563,1.1
2397,5.8
2744,7.62
2363,1.59
1246,2.21
2147,0.54
2633,9.92
1549,7.92
2448,9.59
216,0.15
1557,4.25
114,6.03
2100,4.95
170,4.46
842,6.53
958,9.57
1738,9.49
456,5.01
2329,7.32
1241,1.61
2906,3.25
2027,0.74
1917,0.41
2982,9.87
2456,8.64
907,0.91
596,9.45
2628,9.18
1009,9.94
101,6.88
1022,6.24
811,3.49
1957,3.63
1787,2.4
813,2.49
2520,1.86
2337,3.45
1543,4.35
1272,5.37
2060,3.27
2283,9.09
1502,7.42
797,1.46
1635,9.02
1903,8.84
1066,5.94
352,3.18
1300,1.74
213,9.22
2819,6.11
2290,2.12
781,4.21
1686,2.97
2738,2.02
1078,6.91
1218,3.06
2774,7.16
1474,0.77
2214,2.41
2852,5.84
1836,2.73
166,0.55
1625,7.14
1358,4.35
2193,7.02
682,6.94
1909,2.78
2330,6.56
331,0.29
2363,8.63
1546,0.61
1768,5.18
1488,2.56
2955,6.69
2811,8.95
2512,6.48
784,2.71
2840,5.4
622,5.05
849,6.3
1724,1.46
1164,8.7
250,8.28
526,4.59
928,7.72
1697,7.67
2928,2.91
2266,5.78
2118,5.15
242,0.4
2504,8.77
746,8.07
1396,8.5
1723,8.15
2006,5.22
1831,0.73
1540,4.03
2593,7.34
1108,1.91
2192,3.1
2710,6.61
2224,6.08
439,0.94
1408,6.92
169,7.02
129,5.93
1228,3.53
909,8.94
2633,7.87
936,0.39
177,4.68
2771,8.88
2619,3.38
2563,2.97
1987,8.2
1569,7.66
475,9.27
1112,9.76
1076,5.21
730,4.97
1597,3.76
2557,3.67
214,3.92
2307,1.2
1826,7.28
2774,6.57
2185,9.75
1587,4.83
2902,3.49
2483,0.88
1742,8.7
1301,2.71
2504,4.51
2713,1.44
1279,9.93
1882,6.77
808,8.62
1110,5.96
1044,1.91
704,8.43
2114,8.76
367,2.09
391,3.63
1377,8.71
946,3.04
885,4.11
2367,9.32
2722,1.91
807,2.95
178,5.64
678,7.82
2573,2.1
2562,9.59
1063,7.48
1515,0.25
428,2.01
1445,4.78
2067,5.25
499,3.32
1301,4.04
1877,9.76
155,2.88
722,9.26
2657,7.56
2651,7.8
2292,1.78
942,2.3
1404,2.43
769,1.59
725,5.39
2786,8.55
559,9.54
1644,0.72
2342,8.44
2164,4.33
2275,5.97
2097,0.76
1708,2.11
2173,8.83
2171,3.95
1262,0.58
733,7.22
1200,5.93
1174,3.15
2114,7.37
2342,2.34
2684,7.51
2335,5.01
1607,4.02
2967,3.13
1600,3.85
2969,8.01
2522,2.78
2353,2.11
2958,1.05
1618,6.02
1078,6.59
854,0.69
2641,0.14
136,8.58
2588,5.25
2609,6.85
2902,7.95
2804,1.92
2113,3.58
1349,4.64
1060,6.76
966,2.78
755,2.22
903,8.45
2651,4.5
2037,7.29
2845,7.07
2417,6.58
978,2.5
389,9.63
2252,3.26
1888,7.99
992,3.47
166,2.67
315,6.56
2651,2.86
951,8.54
205,2.05
2036,5.24
2150,2.31
2232,0.95
2159,2.51
2764,1.34
2225,9.97
2467,2.26
1633,9.22
1662,1.65
240,9.44
1733,2.63
751,4.09
1709,9.31
1890,6.73
2864,4.2
1680,1.24
1457,6.97
592,0.85
2738,1.46
1869,3.31
2289,9.45
1971,7.42
363,4.87
2886,5.53
1003,7.02
2331,7.36
1041,8.38
1936,7.2
2252,0.4
1784,8.17
1652,2.98
210,0.4
1270,5.27
2711,5.78
525,7.84
1461,9.55
384,9.49
2777,0.26
535,7.37
2711,8.73
2587,5.47
2865,7.79
1141,2.89
1491,3.82
2598,6.43
829,4.94
2982,2.26
1609,1.52
2986,9.51
2547,9.95
581,8.42
1659,3.09
1802,6.3
2242,7.31
2533,6.4
1662,6.62
2842,2.26
632,1.29
1301,2.06
221,4.83
782,5.17
2650,8.36
315,0.47
707,6.91
1486,9.75
1738,6.98
2458,9.9
1906,6.64
1287,6.27
2020,2.59
278,1.05
2310,6.48
2171,6.04
225,4.04
955,8.67
2779,6.61
2212,2.22
1126,3.64
889,2.45
947,1.82
786,8.24
2243,3.28
2114,9.31
2368,9.16
2589,2.23
2919,0.74
1271,0.54
2486,9.97
639,9.63
2743,6.73
725,7.68
348,9.44
1123,0.46
2763,0.8
1575,2.02
423,9.54
2910,9.82
2254,0.97
2989,7.55
975,0.97
2484,7.54
329,6.8
1251,2.96
2486,0.63
622,3.72
567,6.73
2811,1.98
955,6.28
2446,2.11
689,1.12
383,9.94
330,4.32
209,2.62
1732,8.48
2505,1.84
581,8.57
479,3.58
1383,2.08
1091,6.58
1477,4.2
2874,4.39
1375,5.95
2861,8.87
1045,8.71
1609,7.08
992,5.88
1807,5.39
2785,7.77
1924,2.5
701,9.38
787,8.83
283,0.72
1527,2.74
2268,3.12
165,4.78
2570,3.09
317,2.26
2289,0.11
1298,2.86
1863,4.54
1975,4.85
2178,3.58
1504,8.46
2083,1.62
2896,4.25
2848,8.81
1859,2.34
2549,9.34
2956,3.64
818,0.44
2101,5.65
2609,2.02
2024,3.51
1877,4.03
1197,1.13
2553,7.23
2668,3.68
274,9.55
1492,5.77
455,8.47
622,7.63
898,1.57
730,3.23
2556,7.05
2755,4.04
730,8.11
1659,2.13
770,1.88
101,5.84
642,3.31
2521,1.51
1545,2.13
1298,0.28
2530,5.03
2449,3.78
1370,6.03
2416,5.36
2110,0.41
2674,7.03
1422,7.1
2211,1.84
946,4.74
2068,3.89
1473,7.53
2063,9.02
178,7.84
2728,0.61
1854,7.82
2469,6.98
2336,4.57
695,7.14
2945,6.51
1673,1.09
2189,7.59
2309,8.67
899,9.48
354,0.97
2804,8.4
2636,3.0
552,2.97
2582,2.15
1357,5.25
1434,0.65
187,8.63
2653,7.13
807,7.0
2093,9.53
2980,1.23
2531,8.46
326,1.79
917,1.4
2916,8.42
2473,1.53
1368,3.07
467,1.62
2487,0.61
2306,6.53
482,9.68
340,4.0
2014,6.64
1924,5.35
1250,8.84
497,7.58
1939,9.81
1655,9.32
192,8.99
2956,7.17
668,7.45
451,8.42
2936,1.56
518,6.18
955,6.97
2472,1.66
1623,7.8
1174,1.16
510,0.54
235,7.87
842,4.13
1688,0.46
1564,1.7
2480,9.58
1517,5.74
551,9.77
2238,4.15
429,3.36
2300,2.64
2760,7.18
1729,2.38
1790,5.98
410,0.93
349,6.08
2126,5.01
2497,0.14
903,7.21
2675,4.81
740,7.35
1422,5.87
1996,2.8
312,9.75
2586,8.73
1202,6.99
1722,0.26
747,7.76
1847,6.62
184,4.73
2159,7.84
106,2.77
2848,8.5
1472,6.35
659,7.52
1136,7.24
2865,9.94
241,0.64
2837,1.24
391,6.99
376,7.18
1688,4.76
1027,4.27
322,5.5
1568,9.11
2408,4.79
1889,9.29
120,8.52
1288,4.99
1041,1.45
483,8.29
1789,3.73
516,2.46
2735,6.86
377,9.47
1437,4.16
942,8.35
2715,9.33
2802,6.36
994,0.68
2818,6.01
851,5.01
2124,3.48
2400,2.67
2348,8.11
1529,4.55
176,1.93
1607,6.23
2111,1.06
2204,2.58
1975,1.36
2261,3.06
2438,9.42
2554,9.12
2960,1.88
624,0.35
2382,0.9
766,8.46
567,1.02
843,6.21
1150,9.67
651,2.65
1721,4.73
1432,7.38
2336,9.11
358,0.47
2726,1.78
1045,1.62
1054,3.68
2350,0.88
1678,2.78
1017,3.54
2095,0.71
1537,4.62
608,1.51
1852,4.88
2377,3.89
1084,5.41
1474,3.16
2964,5.53
2736,7.28
2183,3.49
1091,2.21
2698,0.32
1612,7.91
1483,1.49
2172,9.85
2936,5.97
1879,7.57
1192,3.7
2612,3.53
451,9.98
1941,1.09
2654,2.49
2015,0.95
993,7.27
1595,1.93
464,9.11
971,0.31
164,6.3
210,6.11
2048,2.79
471,6.69
345,2.24
2586,9.81
1716,3.38
931,4.93
1539,5.55
2397,6.31
1205,5.35
287,7.93
2573,9.4
1699,0.36
1062,5.56
1377,9.52
1019,7.71
609,4.99
2467,6.37
523,0.31
2975,2.44
1760,1.8
1700,2.32
2631,8.09
2335,7.52
1944,6.21
1182,1.15
2636,6.19
1182,1.92
371,9.92
547,3.52
148,6.64
317,1.06
1036,5.15
2692,6.77
2841,2.52
2110,9.96
1475,7.0
2530,6.78
2505,1.46
247,9.06
1117,6.73
1969,5.94
278,9.48
1787,3.82
1533,8.79
2343,8.12
1938,6.25
343,0.84
464,2.27
2615,7.55
2009,1.44
954,0.22
547,5.16
2344,0.74
1399,0.1
119,2.42
108,0.67
2811,10.0
583,2.87
2453,2.66
1101,5.06
2208,3.8
2131,2.49
1545,4.28
1947,5.7
2163,4.87
1785,7.8
859,4.71
2466,2.54
1335,8.38
2218,4.7
1023,7.02
2778,5.73
2965,5.49
2788,1.84
1695,2.46
664,1.51
1191,2.12
1353,2.02
2425,4.73
2246,6.87
2037,0.62
865,5.12
2169,1.55
2718,5.97
1983,7.56
1121,9.49
439,2.8
877,5.65
2309,7.54
1231,4.09
365,4.52
1593,9.24
455,6.96
309,3.89
2620,9.82
1734,3.37
1064,2.11
190,8.26
551,1.32
2686,5.11
141,9.21
1221,0.3
1700,5.37
123,4.47
2866,3.13
2204,4.44
813,3.45
2912,2.18
1559,5.51
2599,2.23
2039,1.41
905,3.14
851,5.99
304,2.42
1853,2.85
2944,5.84
2507,8.53
1179,5.09
2084,9.28
342,3.29
2992,8.23
598,1.64
1220,6.87
2774,9.52
727,3.55
2702,6.41
1357,6.16
1031,8.45
2302,6.13
2994,4.94
1707,5.57
1289,7.94
1615,3.89
159,6.27
1516,1.92
1084,7.58
927,5.36
1215,3.26
1632,6.62
412,5.12
239,3.86
259,8.25
1688,3.1
956,2.21
2788,1.38
2195,3.64
1456,1.42
1298,5.32
1438,8.49
2442,1.74
1068,8.86
618,2.7
1960,1.54
642,4.59
1634,4.2
1170,6.87
251,9.88
2998,9.7
2934,9.45
252,4.1
323,1.3
540,8.74
2658,6.78
1691,7.4
2512,1.73
1344,5.21
1798,8.11
1213,4.35
1080,6.04
1689,0.15
1270,2.9
118,3.25
2957,2.83
1550,4.84
122,3.52
644,3.76
1764,9.72
2827,5.48
1456,9.2
1419,5.7
1829,0.44
490,6.18
142,9.34
2370,3.15
2426,5.82
1653,0.11
2443,4.93
1608,2.65
1568,4.22
1355,1.91
2553,6.14
1047,3.12
385,4.88
1539,4.64
2666,0.17
1631,8.49
2031,4.04
1883,0.86
2364,3.47
2278,7.04
968,8.78
267,1.41
2473,5.31
1499,8.18
1740,7.11
465,2.16
2370,4.27
1001,4.25
950,5.9
1848,0.94
2266,2.9
2846,6.61
1061,1.86
2929,8.25
1161,9.64
2403,3.42
1849,5.12
1235,3.39
2511,4.05
173,2.57
2917,6.2
2975,5.76
2334,4.54
1516,6.22
1787,3.23
126,0.56
363,2.85
2342,9.78
2171,5.59
145,7.24
164,9.21
651,1.72
2445,7.58
2993,3.47
2664,0.48
1392,3.67
2508,5.68
2533,9.83
285,1.1
1058,1.3
2441,5.2
592,2.61
2335,2.7
1681,7.46
2917,7.76
1277,8.62
2640,9.81
731,5.3
1861,8.31
2902,0.23
148,8.09
1529,1.58
800,7.45
2975,4.23
531,6.78
1328,9.62
2629,0.45
700,2.06
1240,1.81
848,4.16
552,4.97
1358,2.64
2239,9.96
2987,4.28
1670,1.28
902,7.58
1813,3.14
623,3.35
2103,6.76
2279,2.97
1826,9.94
659,2.94
1584,6.13
1400,6.81
224,4.1
865,5.98
2556,8.82
1759,5.37
2628,2.82
1161,6.62
2152,9.73
2762,1.79
992,0.63
2735,0.14
2991,5.07
2934,0.34
2534,9.31
2812,1.43
197,4.67
2555,0.35
2726,1.99
1224,0.58
1319,1.55
1715,8.46
510,6.39
2957,1.03
1809,5.24
174,8.53
351,6.9
351,6.83
2569,5.84
174,8.2
1531,9.56
1724,2.4
2849,9.3
2943,4.68
1044,2.42
831,6.86
2281,9.23
583,9.18
155,8.49
326,9.85
724,4.45
163,3.95
2780,3.11
1162,5.53
949,2.95
433,3.9
2850,2.07
591,9.75
133,5.44
2838,1.43
2821,9.02
1827,8.84
980,3.32
1654,9.27
2474,8.27
2810,4.76
274,4.08
451,6.2
2864,6.91
2534,8.96
1992,7.66
2333,9.21
617,3.03
1852,3.96
2526,7.2
2114,5.32
1538,8.24
1153,8.88
2704,2.04
2672,5.28
1485,6.88
1343,0.4
2779,6.51
425,8.21
336,8.86
1573,0.25
349,2.94
1864,6.87
1684,2.81
1870,2.6
380,7.61
761,2.94
2860,1.14
2452,2.1
2123,3.38
2768,0.53
1670,4.35
1759,5.26
1853,1.8
133,7.87
1068,5.94
2862,0.1
607,9.31
124,5.86
1866,3.63
2712,4.7
950,1.22
1979,6.24
651,5.93
2033,4.34
2369,2.73
2836,2.64
2417,1.49
684,7.69
128,4.45
2545,9.59
1308,7.4
2004,3.35
783,5.86
1582,6.55
2897,9.3
782,7.53
2414,5.66
2721,9.43
2916,7.25
874,3.94
2104,4.51
124,6.63
1441,9.14
531,4.01
2892,9.48
350,2.9
1409,9.73
507,1.46
2093,7.94
1085,8.71
1486,8.22
478,1.98
663,0.45
895,3.73
657,8.35
2124,0.63
2904,2.54
872,2.99
2240,0.44
598,3.42
350,3.12
1381,8.12
2337,0.73
2718,8.26
171,0.2
2727,1.08
2380,1.4
1415,7.33
514,8.46
1868,9.61
1080,4.78
2198,1.78
941,8.15
1885,6.13
2557,0.72
1096,8.41
1826,1.87
1890,6.85
758,7.7
2156,6.74
1374,3.06
2665,6.92
1259,3.93
295,6.93
666,3.95
817,8.56
1589,4.93
2311,0.88
1744,8.29
1478,0.82
558,2.77
2404,1.71
834,1.62
2759,5.48
2607,2.53
2929,0.83
1452,9.18
1501,6.88
2803,3.03
2062,4.61
1535,4.52
423,6.34
2197,8.82
2360,5.52
2177,7.05
1944,0.71
2499,7.06
1531,2.11
2449,9.63
1960,6.18
2743,8.26
2835,5.45
2339,0.54
787,8.77
648,9.3
819,1.81
291,6.13
2675,7.67
2727,4.96
1734,9.37
536,8.06
2982,1.48
2174,9.23
2091,2.5
2702,1.13
298,0.91
2870,8.94
1887,1.28
2846,9.7
1447,2.14
2957,7.88
2491,1.92
1305,8.97
931,4.62
1851,4.78
2749,7.55
2749,3.64
197,3.9
305,6.82
1559,6.51
2140,4.93
1529,2.11
767,0.48
2177,9.6
1795,1.23
976,5.08
383,0.52
1295,0.71
2879,7.26
2107,2.65
2225,9.2
2978,0.38
2728,6.25
1928,2.13
1087,2.66
317,7.39
165,4.45
867,3.91
2990,2.94
1567,3.38
1402,6.46
897,6.02
2249,2.11
1215,6.32
1941,6.41
2839,2.58
1911,9.33
1888,8.2
1979,8.21
188,5.55
2696,0.51
2321,7.07
2742,6.93
2838,7.75
2093,2.17
182,6.71
1993,4.28
2987,3.11
1119,7.99
2749,6.65
735,3.46
210,4.98
1466,4.14
2876,5.92
776,1.6
1710,2.19
2827,5.77
2974,7.38
1790,1.92
1376,4.22
220,0.72
1415,5.1
918,9.18
1366,0.26
2585,2.22
2453,4.99
1464,7.63
2965,0.78
417,9.43
173,2.11
1808,0.72
2914,4.51
711,1.41
2487,7.45
2539,8.83
2883,4.8
1557,2.95
1201,5.18
789,9.15
1575,1.53
1627,1.91
444,1.37
172,6.36
2386,2.36
1523,6.25
1977,4.97
1042,4.97
241,0.26
133,7.91
2469,5.28
2868,3.11
2848,4.21
623,4.42
944,0.74
2556,5.03
2598,2.25
1325,9.33
1253,7.65
2081,8.24
812,2.59
2483,4.83
2552,8.93
2418,8.25
1548,1.99
2532,6.08
1194,1.46
255,3.35
1502,6.81
2808,0.85
2064,5.3
1101,5.37
1591,9.08
1890,8.41
526,2.15
2421,1.97
2963,1.7
2276,2.5
1070,3.97
2107,2.92
689,7.9
1967,5.55
2742,5.86
2275,2.9
2029,9.77
259,6.08
1366,6.94
1114,6.39
1706,2.35
1163,7.3
549,2.95
381,2.42
1401,7.12
1855,2.1
1620,8.59
106,1.61
620,6.63
2788,2.91
867,4.79
1345,9.78
2364,1.25
1286,6.08
2014,7.43
2576,5.38
1965,1.02
2586,1.85
2795,3.34
1501,9.82
1848,1.91
2976,1.02
1178,4.46
2671,0.33
235,5.62
2446,9.87
1459,9.56
1012,7.32
1406,2.07
767,6.67
719,5.43
2274,8.59
2721,5.86
1381,3.73
1534,3.45
2346,5.2
309,9.64
2777,0.94
2166,4.06
398,9.76
1812,5.41
2549,3.43
2952,6.48
925,4.59
212,9.01
1642,0.34
2180,3.44
2078,4.46
1893,4.57
605,8.61
143,3.92
865,9.78
772,2.04
2881,4.47
2543,7.07
246,3.42
1739,5.62
2921,4.94
1491,8.6
559,5.99
2418,3.48
393,4.76
2486,9.54
485,1.12
1021,9.16
1268,5.83
439,3.49
1200,9.77
451,2.81
721,0.13
2414,2.75
1097,0.81
1978,8.89
326,3.4
2619,3.41
2459,0.67
1358,7.05
2977,6.93
2761,0.32
1067,2.28
1706,9.23
1993,4.61
189,2.11
957,0.59
2297,8.15
2260,6.06
736,0.26
2292,3.48
899,0.59
562,1.87
1341,0.63
139,3.58
1769,2.89
1324,9.61
2677,0.12
2882,0.57
1666,5.97
270,2.72
187,0.67
1303,3.2
231,7.26
540,7.53
955,6.86
1952,9.36
2224,7.8
1614,0.14
2584,8.7
787,8.01
972,9.7
1135,3.96
191,1.35
1373,1.28
518,8.54
1858,8.46
1636,5.03
1422,9.17
1457,3.51
1151,9.64
2705,2.0
1548,9.28
1812,4.63
2026,5.7
291,1.27
324,3.76
1082,4.36
159,7.24
873,7.22
199,2.99
1353,0.23
1303,2.79
1336,7.67
2576,0.84
822,5.8
2401,0.61
1274,0.53
338,5.37
865,9.61
2053,1.61
1847,0.69
316,0.28
2529,1.52
774,7.93
441,5.98
831,7.87
1018,5.76
1033,3.3
1344,8.23
1788,6.71
2480,1.87
1642,3.84
2331,2.13
690,5.78
1378,1.39
1284,1.06
218,2.92
2174,8.78
1897,0.73
2549,7.81
1224,4.92
1158,4.92
394,2.74
435,0.96
447,0.88
2320,4.14
2635,6.77
2123,8.59
2803,0.68
2179,0.45
2903,6.85
1068,3.54
1958,6.01
2390,4.33
2160,8.37
2295,5.31
2650,5.66
176,3.25
2912,0.45
2917,0.68
2626,5.71
120,3.06
2673,9.95
1125,1.05
603,8.52
1765,3.01
316,2.6
793,6.32
1309,3.54
1336,9.41
2250,9.49
1360,6.22
204,4.5
1581,4.85
174,1.7
1203,9.02
2893,7.01
876,0.25
392,3.37
2019,7.53
2406,5.28
2616,1.81
1538,5.16
840,0.18
1696,9.87
465,1.28
504,4.76
1447,5.05
1709,9.93
1834,9.57
1817,2.96
469,3.2
1235,8.42
1409,2.52
362,4.05
588,8.55
1870,5.46
2024,4.22
1543,4.45
1368,9.16
1133,4.35
127,3.79
1895,1.37
805,9.79
2180,7.41
2008,1.37
1250,3.87
2832,3.75
2794,9.45
2096,1.77
1061,3.09
2054,8.75
2279,1.11
1401,8.35
177,0.72
670,6.75
1073,7.43
1937,9.07
2729,0.99
2523,2.85
762,8.27
2768,6.27
2848,4.31
845,2.82
1404,6.58
2084,0.98
1993,1.51
2774,5.36
2795,9.81
2362,3.59
460,4.31
909,5.43
611,4.79
1610,2.83
2608,4.49
812,3.49
1678,7.83
1391,6.64
1060,9.81
2753,8.22
2724,9.81
264,3.12
1090,2.6
1464,2.2
1847,7.12
2715,4.18
2895,7.22
1725,3.76
524,7.7
745,0.37
1980,7.83
603,8.89
2301,6.14
1502,7.03
677,6.71
595,1.61
1869,5.61
1577,0.48
2050,7.68
2055,3.41
829,5.03
1049,0.17
2905,0.67
1094,1.12
2923,0.83
734,4.26
532,3.23
1508,7.75
1936,3.43
1642,2.87
2029,3.03
1802,8.74
2466,5.9
2869,5.53
518,4.75
2824,1.68
1895,6.77
1466,8.87
697,7.16
1167,2.45
438,1.98
2360,1.57
2318,2.96
868,8.85
530,6.81
499,1.98
1255,9.65
1009,8.96
221,8.45
1076,1.09
2979,8.87
2489,4.98
417,8.88
1026,0.98
1185,2.47
642,0.51
808,6.15
715,6.57
2803,4.4
1606,3.13
2574,8.8
1237,8.2
1359,7.73
1293,7.01
1103,6.15
2697,0.74
308,7.19
234,1.76
1443,0.7
1095,7.67
1338,9.15
2334,9.49
2288,0.82
2927,0.18
813,6.25
2338,7.49
612,4.41
2498,3.47
1346,9.5
2897,6.65
2515,4.29
1952,7.24
1741,3.04
2209,7.94
583,9.25
1797,1.74
2450,6.25
953,0.76
2627,9.82
2977,3.7
449,3.52
169,7.87
1660,4.88
874,1.23
1236,1.16
1169,7.21
2923,5.13
378,7.86
2481,8.44
1898,2.68
1072,0.26
1992,9.62
1427,8.79
1753,6.03
702,4.82
741,3.47
938,3.24
2113,0.71
215,5.14
208,0.13
1494,3.56
1693,7.59
2259,3.21
2088,6.53
2136,2.1
2840,6.46
2902,2.34
2583,8.06
171,1.86
2573,2.01
2741,6.6
148,6.35
2701,6.35
451,3.81
521,3.04
1576,3.89
1522,2.65
1003,4.65
1874,8.41
2669,6.4
2699,0.74
2267,0.8
553,6.88
254,0.62
1329,3.49
201,0.57
221,8.14
1786,0.25
1616,3.38
1136,5.16
2879,2.47
1045,5.32
145,3.98
2653,3.36
1983,9.75
406,3.22
2926,0.71
2539,6.51
175,0.81
2782,5.47
470,1.73
723,2.75
2975,1.21
315,9.81
1963,8.03
2864,7.39
1722,4.48
1487,7.65
806,8.81
1919,0.85
542,7.09
788,3.53
1577,1.53
761,4.98
2645,8.95
2727,7.39
2311,0.89
1889,2.66
104,7.75
894,5.97
960,7.37
1278,8.37
1375,3.09
1095,9.24
215,3.61
2229,2.81
864,9.43
2428,5.01
763,1.31
2464,0.82
2084,8.77
540,5.31
1985,9.85
897,4.36
1169,2.92
1580,0.86
809,0.44
2562,6.62
2666,1.84
807,5.11
2461,4.96
2698,2.49
2448,5.07
2856,7.54
2881,7.07
2481,0.83
1508,2.82
1863,4.08
2532,1.21
466,2.5
1918,7.23
2202,8.99
1658,6.75
2790,7.36
1853,6.22
235,8.86
2575,8.07
1132,4.53
1778,6.61
1379,1.99
2893,1.05
2114,7.64
2683,8.45
700,7.22
2804,4.64
460,9.17
1274,3.08
782,4.16
1730,7.0
2631,8.73
1587,9.49
1520,1.41
1271,7.42
2779,8.32
1643,8.42
1838,7.03
1162,6.86
134,9.55
1150,9.64
426,8.69
1384,5.78
1016,5.15
458,7.15
1156,6.27
597,0.51
1549,2.57
145,9.82
737,5.65
1694,6.86
2951,1.17
363,6.02
168,5.48
2777,9.35
2829,5.96
470,3.01
2931,6.58
2195,6.83
1264,3.62
2929,9.21
613,9.35
815,6.9
924,7.14
2765,4.65
1088,4.05
794,4.75
547,7.16
1750,6.4
1876,4.41
2261,2.58
2803,9.88
1716,5.54
2714,9.54
2957,1.69
1351,5.47
895,9.74
1080,2.22
2963,9.12
2444,2.43
2808,0.83
2345,2.18
2441,4.88
1851,7.48
2392,2.68
903,5.22
866,1.63
2719,8.17
187,4.96
1260,1.54
1273,2.94
2550,9.85
2820,7.75
2522,5.46
1292,0.26
898,4.72
210,8.8
696,8.47
749,9.05
521,5.02
1450,2.24
629,1.77
934,0.84
1761,9.15
2195,3.96
2638,8.09
1791,2.39
2829,5.65
1002,4.73
2191,5.17
2104,3.75
1678,2.31
890,1.35
1911,9.61
1337,5.28
815,9.28
1041,1.38
2556,3.06
2801,3.3
2427,8.12
2338,6.73
253,7.42
105,8.42
1978,8.78
616,3.84
1540,2.37
796,0.62
546,5.65
2775,8.94
2873,1.57
1843,1.17
2481,8.89
1544,4.21
1067,8.41
548,7.1
913,9.11
465,8.06
1808,9.92
2360,5.15
2050,8.13
993,5.35
2845,6.46
864,6.2
2459,1.96
2514,6.38
2778,6.84
2494,0.71
1970,1.05
922,1.01
1050,7.1
140,0.65
372,8.49
2711,4.36
1353,6.67
486,6.94
2867,1.82
2596,3.51
1507,5.65
573,7.57
1961,3.35
1778,1.9
558,3.16
434,3.39
2289,9.57
1416,1.81
2451,6.37
1890,1.1
1108,6.95
1537,8.76
1227,5.22
1089,2.03
2314,7.81
1662,0.38
2130,7.4
2874,4.39
2083,8.31
1573,6.98
1036,7.73
630,3.08
2549,8.56
2520,7.29
2464,7.11
1349,1.43
1038,9.88
2061,4.92
1078,4.13
445,8.88
2278,1.26
1981,4.29
369,8.92
506,5.97
2347,2.65
1085,3.35
1224,4.94
909,8.06
1495,2.75
2567,6.85
668,2.99
372,5.28
758,3.49
151,3.1
113,8.87
2965,3.22
1930,8.25
369,4.1
2222,7.84
2302,9.28
1606,8.35
2183,9.31
603,0.29
2933,1.47
209,4.58
1316,5.23
1759,3.03
689,6.75
1801,4.21
2987,1.49
822,1.33
829,3.4
1490,2.56
1489,5.12
1394,3.51
1617,5.74
2980,1.47
2962,9.41
1669,3.07
1445,7.58
202,6.98
2166,9.28
1245,5.75
859,9.39
1959,0.78
291,0.51
2946,1.69
440,4.62
2571,9.96
2215,9.46
664,4.59
262,3.19
2387,6.4
2325,0.71
1663,6.14
1198,8.11
1393,8.88
193,1.3
2581,4.47
1719,8.26
1016,6.7
883,4.04
914,7.48
2546,2.89
2299,7.4
1704,6.78
431,8.63
657,3.19
1337,4.14
2856,1.96
393,6.49
1110,9.04
792,1.47
675,7.65
1742,7.31
2800,3.47
1286,9.35
2711,8.58
399,1.55
253,8.21
219,2.61
2354,4.83
763,2.42
2051,8.05
591,7.17
2896,6.92
1845,6.59
1870,0.18
466,7.61
1769,6.11
2241,4.19
2799,1.47
2155,2.37
2462,8.59
2416,3.72
884,6.41
498,8.9
351,3.65
2922,0.28
2962,5.32
446,7.14
1046,8.53
137,7.46
2437,5.68
1910,1.64
2496,3.5
990,9.68
2122,6.73
401,4.91
683,5.26
722,2.22
794,7.83
684,5.35
909,2.71
1528,8.64
1155,4.17
2627,9.9
340,7.53
1246,9.76
1273,1.68
2964,1.33
2083,2.04
2489,2.56
1238,6.82
1552,2.76
2402,8.18
2688,2.61
853,4.88
2888,5.98
294,1.69
2311,2.32
1044,5.44
671,3.61
2403,9.67
2257,1.82
315,6.94
2319,3.9
2567,8.5
1218,6.55
1134,2.18
2232,8.12
348,8.64
155,0.61
1967,8.93
1319,9.19
776,4.82
1495,0.45
1027,6.91
489,6.11
2934,0.77
2877,2.21
2760,3.87
1125,3.14
2455,8.39
1494,9.11
896,7.78
2669,2.35
1931,0.56
1025,8.93
1737,3.89
630,8.37
1684,3.66
1561,6.8
872,7.1
2668,3.57
183,6.28
1319,2.85
1393,3.42
1079,5.11
106,9.46
176,7.16
138,0.24
421,0.49
704,1.29
1318,7.93
778,1.37
1994,8.87
1730,4.9
404,1.38
2142,2.3
1213,4.91
1308,0.51
2444,4.83
334,1.0
1279,3.2
1076,1.07
924,5.0
243,4.98
201,4.86
1526,1.27
872,7.3
529,7.23
2733,5.14
892,1.76
1400,1.85
2833,0.54
2339,7.2
2783,7.55
585,0.56
442,2.18
2276,3.89
665,0.41
2267,2.23
2656,5.43
2363,3.69
2744,4.34
402,6.01
344,7.76
998,3.73
2402,1.28
772,6.44
1784,3.1
1903,7.32
1140,3.13
426,9.23
2543,5.97
1036,9.04
2606,4.33
1734,0.81
2918,4.46
124,5.63
2127,4.9
628,8.06
665,9.07
2351,7.8
1369,5.94
2890,1.16
1623,1.46
1447,2.54
1402,8.98
1791,4.71
2106,4.75
1294,8.83
630,6.82
1110,8.35
1195,3.0
1899,4.16
1157,1.86
310,7.86
807,6.52
729,9.19
2621,4.91
2512,7.11
1707,8.63
219,3.73
2493,1.67
1001,8.01
1400,7.09
951,8.88
1348,4.85
234,9.1
2625,5.72
2736,0.8
1492,5.92
2564,3.21
967,2.01
1223,5.65
2072,3.42
331,4.61
2641,5.77
272,3.67
1001,0.88
1472,1.58
2189,2.01
1395,1.56
306,7.5
1493,8.52
1314,9.74
1983,3.98
1635,5.1
514,3.88
1296,0.73
1923,3.86
564,2.21
1089,8.88
1982,1.45
661,4.95
2331,8.14
681,5.9
1073,0.65
853,1.03
962,0.36
1250,7.44
2814,2.33
628,4.05
2183,4.09
2603,2.31
1048,3.69
503,6.25
1834,1.57
359,7.92
1589,0.56
167,3.55
1112,0.58
2607,4.99
304,6.94
1794,2.22
2968,5.65
2807,2.35
2611,3.4
1291,5.24
1947,5.18
2083,7.79
2057,3.22
2569,8.35
987,3.23
2269,2.8
614,9.36
759,8.05
2000,0.53
1070,6.17
353,7.82
1257,8.11
2257,0.31
1269,3.35
488,4.84
1689,5.68
1708,0.99
1127,1.39
2206,7.82
381,4.28
2121,8.3
1390,9.72
986,6.77
1516,7.81
1379,3.78
1582,5.57
1368,9.34
2861,4.97
419,3.91
560,2.65
423,0.27
1927,3.06
217,0.65
926,9.61
1582,4.32
771,7.82
2231,1.4
2065,1.43
2033,0.52
2177,3.61
2698,1.75
2364,8.12
2692,1.26
660,2.47
1322,4.23
2450,0.31
593,0.49
1892,4.9
1570,7.59
2393,0.86
747,4.59
2173,6.3
1455,8.07
2110,7.82
1367,6.97
1954,2.03
116,2.84
2760,1.46
2095,8.77
1954,9.8
2900,6.84
1276,0.45
2178,6.49
2231,1.4
413,9.84
2332,5.65
2286,4.14
2017,1.73
1268,5.67
1782,9.71
714,2.68
627,3.97
874,8.2
2849,9.61
557,4.45
1455,0.14
2753,2.36
2166,8.48
1720,9.66
2943,2.16
1787,8.88
767,5.46
848,8.43
527,2.83
175,8.27
2086,5.55
2720,8.77
2728,4.69
431,4.67
1066,6.82
2240,6.37
1167,8.01
1140,9.1
1303,8.67
2836,3.74
2379,4.64
2028,5.89
2977,1.85
2605,6.73
2982,4.06
1838,1.99
1572,9.19
1164,5.74
2572,4.58
476,1.36
1198,9.8
2387,9.91
815,3.98
1214,6.26
343,0.54
2210,0.2
806,8.7
1451,5.54
318,5.63
1704,8.57
839,9.52
2441,1.46
1003,8.57
297,0.71
1711,0.62
2011,1.79
1731,4.2
465,9.25
1261,8.96
2952,7.95
621,6.26
2524,5.0
1326,4.85
1402,8.31
2990,2.47
482,0.58
1044,6.73
2399,0.2
1793,9.19
2432,7.64
1491,6.03
363,6.35
308,9.6
1198,0.15
2487,7.35
1106,3.45
1781,9.21
1355,2.38
1835,2.37
2287,0.85
417,6.49
2140,0.27
640,7.27
1144,2.0
355,1.02
2648,3.84
2292,8.77
1838,9.54
1660,0.91
331,1.73
180,2.83
1914,0.38
2250,8.15
1145,6.5
2698,6.85
1917,4.85
2620,2.05
2568,0.34
2833,3.42
1966,5.77
2729,5.44
283,2.94
244,4.62
572,9.22
940,9.84
2737,0.62
2950,1.49
125,8.05
661,5.03
516,6.07
2972,9.28
1751,5.25
2969,4.74
2475,2.78
420,1.56
1171,5.73
1432,8.36
638,1.34
2124,4.52
2883,3.84
2790,7.24
2433,8.74
2409,1.56
376,6.54
771,3.65
2932,0.39
202,7.48
1662,8.54
809,3.6
1565,3.44
969,2.02
1941,6.21
2926,6.82
1037,4.66
1090,1.94
2078,0.73
283,9.01
2382,1.93
131,7.7
257,0.26
431,4.03
963,3.9
2243,2.25
1577,9.49
345,5.71
2314,2.64
2570,2.86
742,8.76
232,8.88
2821,1.17
483,5.59
2656,2.64
2894,0.22
478,5.36
1957,4.71
2849,5.4
2755,5.21
2918,7.73
168,7.67
520,5.56
2450,3.42
1698,5.59
302,3.58
1155,1.91
1289,6.08
1670,6.72
2948,1.6
2205,7.38
2041,3.12
950,3.66
1707,7.91
2763,0.18
2984,5.87
2439,3.83
1077,7.19
238,7.22
577,5.84
366,7.43
763,0.83
940,1.26
1256,8.71
167,7.31
752,7.42
2289,7.74
1034,4.34
934,8.25
1049,3.27
530,6.59
1451,7.52
1662,5.37
2828,0.68
1219,7.98
2446,6.76
2158,8.43
254,2.21
1520,6.32
2110,8.42
1423,8.0
1360,7.89
2664,8.24
2353,6.4
2173,6.64
312,1.1
516,2.34
1083,5.98
221,4.49
1072,0.74
1026,5.44
311,9.98
1403,9.01
2303,9.98
680,2.24
1746,2.91
2356,4.53
1104,4.63
2637,9.51
1864,6.61
446,6.59
1222,7.92
1824,2.87
2677,2.98
2079,1.34
2168,5.26
662,2.35
1318,4.88
2312,6.15
2700,4.66
2129,8.17
2061,7.4
2505,2.32
477,9.31
1026,7.17
553,2.55
533,1.91
1813,6.76
574,9.24
2536,1.71
2681,1.04
226,2.6
247,3.04
1350,6.42
2980,8.25
367,6.95
1404,5.11
1996,3.23
2510,7.25
1872,3.88
885,4.87
1774,4.4
697,4.48
2550,6.46
2886,9.12
330,8.67
1747,4.52
190,9.55
349,5.43
1781,6.6
1644,3.2
2119,6.37
2232,9.36
1067,3.22
1203,1.38
1188,0.46
1172,9.34
1916,5.35
1056,3.56
1916,1.81
2702,0.62
131,5.69
1801,6.7
2857,4.03
1371,4.23
653,6.13
2585,3.28
2803,7.62
316,7.34
171,7.2
548,8.62
2264,1.9
2994,3.21
383,8.01
479,7.49
999,3.57
300,3.46
387,8.16
1767,1.96
1735,9.94
1517,9.61
213,5.23
1075,9.2
2491,2.77
494,3.52
578,1.18
558,8.06
2935,1.01
2303,5.84
331,1.51
2775,0.46
821,4.54
2794,4.59
532,6.6
461,1.86
2010,8.25
1659,0.77
2004,3.96
561,7.31
2610,1.68
472,2.48
782,6.7
618,4.84
2079,0.55
714,6.48
283,9.05
262,6.97
740,7.12
564,2.0
2337,9.14
314,3.72
231,4.2
2723,5.17
235,4.57
666,0.72
2180,5.51
1774,1.25
2939,7.27
2939,7.29
2899,2.85
2282,7.63
180,7.62
562,6.35
2720,6.25
1370,9.34
1918,9.34
1825,2.73
1212,3.19
889,9.04
2816,4.5
1974,7.39
1490,6.35
1290,3.67
1576,5.0
268,9.37
2512,4.65
2045,6.5
289,1.24
1624,0.69
2789,1.9
2839,7.35
2376,9.45
971,0.97
2124,1.9
624,4.62
867,7.31
1637,6.64
884,0.49
563,9.45
1260,6.21
1034,0.61
1967,0.49
2667,1.17
2326,7.4
1645,5.27
2384,8.51
1036,4.25
2674,1.17
2705,7.06
304,9.96
1987,7.75
1693,7.06
1129,4.75
1234,6.19
1465,3.89
2094,8.91
653,4.09
2205,9.48
1857,4.51
662,8.99
769,0.6
1656,8.42
2661,9.31
2285,0.92
2505,5.58
1414,6.06
2983,0.45
592,1.88
1945,0.61
2652,8.96
1559,8.57
307,9.43
1004,8.67
477,7.41
2780,1.53
1038,6.85
2918,0.24
1917,1.38
904,1.89
1452,3.76
2789,0.83
2392,0.96
828,9.51
2018,1.36
2039,2.86
1633,6.5
1217,3.27
934,4.53
213,1.98
1134,6.69
2269,0.73
2560,0.88
385,5.16
1917,0.9
2081,3.83
961,1.83
2635,8.66
1177,0.42
2314,0.78
323,5.0
1563,7.28
2968,2.04
2476,8.07
2813,8.82
217,2.4
253,5.37
678,2.91
2906,5.34
2222,4.54
527,2.52
1961,1.37
1508,8.39
1838,1.92
2256,1.65
2824,3.6
1785,3.15
1653,6.15
1156,7.13
2716,6.77
1886,9.32
2960,8.95
2817,0.61
134,2.46
1271,0.14
2046,2.31
1240,2.51
1104,0.67
653,3.43
1916,3.29
1590,0.94
2326,8.32
2466,1.23
2655,0.79
2736,8.37
2948,2.17
1268,3.64
1034,9.67
1165,1.18
699,7.68
1875,8.46
1365,0.93
1863,8.88
1704,6.88
1573,1.8
1851,7.9
731,4.01
2528,4.29
1053,1.05
1997,9.8
2483,0.53
1569,6.64
619,7.98
747,5.6
2480,0.31
549,0.51
806,7.57
735,9.6
1185,4.18
2577,5.91
1078,2.83
1021,9.98
805,7.72
1625,2.9
584,2.58
102,7.83
395,3.86
2933,0.97
2667,8.82
1841,5.94
375,2.78
1381,3.87
1299,9.66
2620,4.01
1948,5.39
419,9.82
1165,6.63
2938,0.16
1254,2.21
997,7.75
2016,9.38
912,4.05
2111,1.71
2877,7.02
454,4.15
639,8.76
804,5.08
1517,1.82
2864,5.22
173,2.34
481,0.19
896,9.13
2267,8.76
2119,4.4
1442,6.16
335,4.0
2500,1.91
1271,0.8
190,1.07
360,5.8
2744,1.27
694,3.6
2410,3.55
267,2.84
751,6.49
1034,8.68
1863,6.5
224,4.73
862,3.04
745,1.26
2659,3.07
865,3.73
1989,9.8
2294,5.68
2433,0.99
2908,3.96
964,6.69
722,1.33
2791,7.68
1145,0.35
2814,0.69
2692,8.1
924,0.29
964,8.88
398,5.05
1720,4.23
853,5.99
2363,4.75
1475,2.48
1375,9.18
2531,3.93
2455,3.25
2788,6.28
747,0.69
831,6.77
2740,8.53
104,9.82
1094,6.13
494,8.27
2829,9.32
250,0.84
1184,2.22
1457,6.02
1964,1.23
1214,4.53
2250,1.68
2078,2.08
971,6.01
1480,7.69
1137,5.04
374,5.21
2528,0.95
1349,1.39
273,8.66
2057,2.04
2389,5.7
332,3.5
1149,8.33
1828,2.82
1334,0.29
2792,5.67
665,4.54
163,8.9
389,8.64
2206,7.74
1526,9.34
1519,9.04
1490,9.21
1836,9.25
2177,6.18
1598,8.26
2895,5.38
2995,7.2
1493,2.13
299,6.35
2346,5.72
104,9.27
668,9.22
2080,0.4
926,2.43
853,1.71
2622,1.05
1420,0.55
1801,3.57
332,5.52
1852,2.66
221,3.86
599,1.0
2733,3.19
786,4.09
610,9.95
208,6.86
2659,0.62
1198,4.36
2399,8.09
1315,7.17
649,0.63
1429,2.17
2498,8.58
2898,9.78
976,9.1
1736,8.67
1087,1.02
1509,8.33
1997,2.77
186,7.48
2582,6.04
2241,5.87
1619,0.57
1475,3.83
1193,9.67
1996,7.91
237,9.01
924,7.23
1741,6.83
1564,4.95
2323,0.43
2780,2.25
1912,4.17
2026,1.14
1190,2.98
2364,3.69
1918,7.97
1573,9.66
654,2.07
1992,4.85
1592,2.96
2292,2.92
1751,1.56
731,9.52
2084,2.83
1572,7.34
1064,5.36
2085,6.1
2982,8.87
2640,3.15
732,2.79
1321,3.78
1668,4.17
811,7.56
1160,9.11
1942,1.94
1202,2.7
479,1.57
1516,0.64
296,9.47
2555,9.37
1445,9.51
379,2.99
2612,8.26
2750,4.97
1428,2.6
2613,2.77
2968,3.29
1001,8.97
1131,9.07
2195,7.7
1934,8.39
2736,5.07
2748,8.6
2126,5.49
1981,6.08
731,0.15
2164,6.3
420,8.12
1563,9.33
1962,5.7
963,2.04
2715,2.26
2529,0.92
1986,4.62
702,2.24
2166,4.47
2096,5.41
540,0.33
203,6.29
888,5.98
752,7.42
397,7.8
1167,5.58
1150,1.57
839,3.33
1770,7.82
1694,6.69
420,4.42
2338,7.92
1912,0.6
869,1.01
651,4.25
2327,2.3
2889,4.18
1779,5.65
383,0.93
2324,9.08
1903,4.89
2215,8.01
2617,1.17
2310,0.9
902,7.4
808,4.05
1722,4.74
2798,9.44
1091,1.14
2285,6.64
1346,1.32
2801,7.01
2399,6.65
2716,2.59
2476,7.58
198,2.79
264,8.11
2869,2.36
1946,0.6
1744,9.0
1400,8.19
2633,8.8
287,3.05
846,7.91
2685,4.81
2226,4.9
1163,5.54
235,4.1
2976,0.97
2667,1.09
1174,1.08
2910,4.66
1037,7.1
479,3.94
301,2.05
2475,0.62
879,2.97
1410,6.45
2482,7.96
765,1.03
1412,3.5
2672,1.36
457,7.9
2047,9.89
638,1.98
2557,9.39
230,6.91
298,9.92
222,3.72
240,9.54
1823,0.59
1197,9.63
1222,8.6
728,9.83
2923,7.95
2598,2.2
2036,2.49
1795,7.83
1438,1.9
557,3.38
2623,7.54
1101,2.18
2257,9.64
1633,1.86
166,7.07
2874,3.54
464,4.37
2419,3.24
2199,2.03
1317,2.33
2959,7.35
2389,9.0
2837,6.68
634,2.5
1211,3.7
2017,4.87
635,4.34
2132,5.0
1827,6.25
2498,1.39
557,5.73
2433,6.84
2708,4.76
2113,7.21
2417,4.75
653,4.53
2257,8.86
1006,0.83
590,9.74
2503,6.29
2472,4.61
1601,4.66
1167,2.29
1427,7.73
2498,8.84
1702,8.89
2345,7.58
1846,8.95
1979,2.3
2868,8.41
752,8.72
193,9.41
830,7.0
2797,6.87
877,3.29
2525,8.22
1911,2.53
2082,7.35
472,8.09
653,3.72
2989,5.72
1086,8.47
1614,0.35
2061,1.72
2289,8.56
2322,2.39
2849,4.53
1378,7.04
1298,1.47
2286,0.32
751,9.74
1079,4.58
470,1.41
2538,7.9
2573,4.08
2521,4.62
1025,3.65
1357,3.6
1112,7.51
1034,1.62
1567,6.66
1355,9.93
867,8.91
1821,5.74
565,9.69
2818,3.28
493,7.82
1638,2.08
807,5.46
2687,5.93
1605,5.42
2036,1.97
2456,7.57
390,0.72
2994,4.5
2838,7.68
2057,7.59
1016,1.55
1793,2.32
1534,0.11
2790,6.55
2726,9.75
1335,3.74
2140,2.27
2731,5.48
847,3.74
2703,0.37
2591,8.58
1426,9.69
1297,0.84
2801,5.48
978,4.87
1273,0.92
2155,4.72
691,8.93
1186,5.12
1758,2.67
1442,3.06
1253,4.63
1938,1.04
1145,8.82
143,4.24
2922,1.52
2597,4.3
1043,2.46
1024,7.51
1684,4.87
172,9.17
317,4.6
719,6.64
181,7.87
928,6.71
795,3.07
1498,9.84
1465,3.36
2520,3.57
109,6.78
622,3.47
2660,4.25
2547,9.05
1892,3.67
1589,5.24
2105,9.96
551,4.49
2523,7.59
2523,2.89
1489,8.49
164,6.92
328,4.95
1006,0.47
855,7.65
2140,6.86
2858,6.59
1257,2.9
256,3.14
917,4.98
340,1.37
1611,7.35
2912,1.84
1399,1.62
934,8.08
2695,0.24
963,7.33
619,3.31
505,0.15
668,5.41
1646,7.37
2504,5.51
2357,6.93
2785,4.45
2833,9.96
2509,5.52
1036,2.41
1743,1.23
1693,2.55
2389,1.28
2782,0.7
2426,6.65
1972,1.59
836,0.8
487,6.91
693,1.27
2359,5.04
2373,3.86
1181,6.21
490,4.34
1472,0.66
763,5.01
1883,7.13
2489,2.74
1504,6.0
656,7.72
2394,7.05
2990,7.98
815,6.68
636,4.35
886,8.95
2200,6.78
2115,3.2
1047,9.77
2274,3.06
737,2.46
422,6.02
2242,1.31
2563,3.45
2477,5.03
735,9.5
230,8.91
205,1.97
2892,3.05
1366,6.86
1565,0.95
1117,7.47
2254,4.6
2315,9.47
995,0.99
2548,0.12
2644,0.45
1973,2.58
1770,8.94
588,8.45
208,1.69
1869,8.12
252,5.41
800,1.31
1346,1.6
670,3.92
1159,7.9
2028,8.37
2139,8.8
2778,7.41
1061,1.5
2147,4.36
106,8.61
537,7.12
2555,6.06
2354,6.41
379,2.68
479,1.25
1465,9.37
758,0.65
2253,6.82
2499,4.17
1069,4.27
332,6.38
686,7.51
2468,5.35
2003,8.99
1134,1.66
601,0.11
1519,9.73
1370,0.3
2347,8.3
695,4.75
1147,3.1
2071,6.19
819,2.02
424,7.24
2496,7.64
1737,4.31
2711,3.35
1674,0.61
1917,7.35
804,6.16
2356,5.32
305,7.86
974,1.83
1938,1.06
2176,0.93
2564,4.81
2795,3.59
235,8.76
1395,0.88
667,1.11
700,1.33
2645,6.77
1412,2.46
1923,3.68
321,6.02
1632,2.8
129,0.56
1788,0.99
759,6.62
1991,5.06
1222,6.65
1624,0.7
1800,3.66
733,8.78
2555,0.79
2761,5.51
860,0.45
2639,3.5
2888,1.28
943,3.13
163,2.6
384,2.09
1078,5.5
1255,4.92
641,9.42
1954,8.37
587,3.02
676,4.14
1543,9.68
2441,4.49
1323,5.3
1110,3.76
1294,8.67
2127,3.06
2873,7.38
857,4.26
1112,1.05
135,2.98
2059,0.47
518,1.27
2635,9.96
1677,3.98
424,7.61
1093,8.47
947,2.69
404,8.41
2040,5.11
600,3.88
2379,2.77
1639,9.62
1268,4.18
1599,2.37
2642,7.83
1760,1.38
1604,7.74
101,1.76
201,8.5
1503,9.47
2423,6.02
2040,4.52
1306,7.72
136,3.04
255,8.45
1750,4.57
2169,5.56
228,7.11
2529,0.89
724,2.93
2550,8.77
2978,8.01
2564,4.06
878,0.53
1993,1.98
1394,1.25
2751,4.48
1617,3.88
669,3.33
699,8.35
1452,6.1
2171,6.44
1020,6.55
934,7.81
2678,4.0
1929,8.9
486,6.22
2136,9.73
1573,1.03
889,2.66
633,2.61
1767,9.82
302,1.82
1352,3.9
2364,1.3
849,5.37
2157,6.63
1046,7.07
844,9.64
2124,3.4
276,9.91
2264,5.5
894,2.89
1272,6.07
2224,6.26
2784,5.67
2262,7.13
2491,8.5
1550,4.29
2281,9.81
2158,3.3
2500,4.47
1417,1.9
1645,6.59
266,0.45
231,9.74
2762,4.83
259,3.89
1023,0.54
1246,1.24
2079,9.42
1394,0.2
2069,4.71
2443,5.68
2058,4.58
1516,2.42
2157,5.13
179,5.54
2381,3.35
2166,7.5
1896,2.69
1670,7.28
2561,5.78
2395,7.15
2367,9.28
2244,5.22
841,8.11
500,1.43
283,3.63
592,4.61
2927,2.9
2685,8.98
2583,2.63
1947,6.6
1622,0.67
2298,1.74
1704,0.4
867,1.56
411,3.8
1139,6.26
1830,0.19
2189,4.04
1642,4.03
2867,5.95
2899,2.69
2890,5.63
1319,6.86
787,7.59
2148,8.84
1177,4.86
460,2.67
1170,9.89
2638,3.43
1748,1.92
1443,8.31
1604,7.59
1310,1.74
208,7.83
809,7.11
231,9.5
2206,2.46
1354,3.11
2988,2.25
2301,8.6
2773,9.74
1112,5.5
1272,2.08
985,7.74
2241,2.88
547,3.63
2347,9.74
2181,7.38
1480,2.23
2844,7.05
2022,0.77
1008,3.38
920,2.03
870,5.13
459,0.26
1565,9.4
444,8.18
699,9.39
723,1.24
795,3.33
2149,2.8
181,8.98
986,4.44
2374,9.56
393,8.56
2275,7.74
707,6.24
174,3.98
2047,1.75
2673,8.15
376,0.98
592,4.68
1741,3.42
2557,5.41
2838,6.0
460,0.27
120,0.69
2763,6.0
2785,0.13
554,5.32
2640,0.92
2162,9.0
2617,1.54
2821,8.96
1445,6.08
2434,6.33
745,0.17
636,1.6
2600,0.63
1546,5.76
440,6.93
148,0.62
2184,6.78
1919,4.1
184,5.48
1944,7.62
1929,8.98
2153,1.45
2900,8.05
2378,9.98
1833,6.81
814,2.68
1982,3.66
454,1.22
2776,1.81
364,2.41
2643,1.39
1507,2.27
508,4.91
1856,9.31
2416,3.37
2426,0.28
1688,0.64
2288,9.09
1582,4.48
1494,6.13
883,4.32
1555,7.97
1707,2.18
530,2.81
1223,9.7
2201,7.99
2306,5.39
2739,8.32
1703,6.11
1313,6.93
2310,5.45
593,0.65
229,1.5
940,6.58
679,9.67
2908,4.49
1766,3.57
945,3.97
2564,6.5
2135,4.85
899,3.83
759,7.41
1027,4.75
2907,0.22
2024,7.81
2887,7.09
1512,2.81
971,9.61
1294,0.51
566,6.46
1572,0.89
1755,2.04
1194,3.3
2267,5.19
2270,4.75
2697,3.19
178,9.01
651,6.59
2242,4.24
422,8.44
2063,8.55
324,7.6
2081,5.41
2228,5.77
2944,8.43
2216,9.16
2848,3.64
2828,8.22
1970,4.3
2519,3.13
1054,1.02
2388,9.11
1251,1.82
523,8.32
1098,4.8
117,7.75
217,3.55
564,8.15
1688,9.43
1372,7.04
2181,0.14
2229,4.66
2272,5.94
1711,3.28
2622,8.45
2137,8.59
1258,0.81
1434,7.58
1763,7.55
1510,7.7
2412,8.84
2846,5.39
2247,3.82
1017,0.71
341,0.16
2744,0.46
2801,9.28
1001,4.55
2200,0.16
856,8.48
1634,5.79
1898,1.03
639,6.37
1899,0.76
2824,7.84
1221,8.73
2945,0.27
820,6.61
2673,3.29
1879,4.86
2170,9.16
601,5.08
2598,0.84
1852,3.63
1793,5.82
656,9.94
2826,6.28
2519,3.57
2533,6.98
1351,9.23
2539,6.24
2566,9.96
1922,4.28
398,2.44
1328,0.71
1354,1.15
2968,7.12
925,2.99
596,8.27
1274,4.64
496,3.23
1063,7.87
2058,2.22
1740,0.86
1263,6.64
2406,1.64
2794,3.23
689,5.81
1588,8.74
2572,2.19
1371,6.31
1492,3.08
875,3.7
2399,9.59
2867,0.28
1059,8.59
2683,5.93
2061,9.82
2517,8.77
2494,3.62
1306,8.28
2156,6.8
1047,3.3
569,6.79
266,9.85
722,6.96
1519,8.87
387,4.06
1823,9.56
906,0.78
1902,4.69
985,8.99
608,5.15
542,0.82
2468,6.61
1261,9.15
1285,7.18
1531,4.34
1573,5.99
112,8.72
1667,1.9
1423,1.61
1123,1.92
122,0.42
2313,4.86
2711,4.19
1483,5.57
2224,1.1
1837,7.95
138,0.36
959,2.05
2237,1.8
2693,5.28
527,1.84
